title,Date
Citi's top stocks for big dividend growth in 2022: Alpha Tactics,2021-12-18
"Nasdaq, S&P 500 and Dow Jones all fall as rates dip",2021-12-17
SocGen's Edwards says fear the FAANG falter in 2022: At the Open,2021-12-17
"Nasdaq, S&P 500 drop as tech weakens, Dow Jones ends near flat",2021-12-16
"Dow Jones, S&P 500, Nasdaq rally, even as Powell opens door to a March hike",2021-12-15
Bitcoin jumps back over $49K as Fed doubles taper pace,2021-12-15
S&P 500 can do just fine in a rate hike cycle: At the Open,2021-12-15
"Nasdaq, S&P 500, Dow Jones drop as tech selling intensifies",2021-12-14
"S&P gets a high target from Oppenheimer, Morgan Stanley defends its low: At the Open",2021-12-14
"Nasdaq, S&P 500, Dow Jones fall at the close as yields dip ahead of Fed meeting",2021-12-13
"S&P 500, Nasdaq and Dow Jones finish in the green on broad buying",2021-12-10
"Mega cap leaders sell stock at historic levels amid high valuations, tax changes - WSJ",2021-12-10
Nasdaq and S&P 500 dip while the Dow Jones finishes flat as health care leads all sectors,2021-12-09
"Nasdaq, S&P 500, and Dow Jones rally and close positive in choppy trading session",2021-12-08
Wall Street strategists price in subpar returns for the S&P in 2022: At the Open,2021-12-08
"Nasdaq leads the way as Dow Jones, S&P 500 rally with tech in charge",2021-12-07
"Dow Jones, S&P 500, Nasdaq rally as Omicron fears ease somewhat",2021-12-06
Goldman says a payment stocks sector reshuffle will 'redefine' Financials: At the Open,2021-12-06
UBS names the best sectors from its quant model: Sector Watch,2021-12-05
Conditions favor underperforming small caps in 2022: Alpha Tactics,2021-12-04
Bitcoin dips to October levels amid stock market slump after disappointing jobs data,2021-12-03
"Nasdaq joins Dow Jones and S&P 500 in the green, snapping two-day selloff",2021-12-02
JPMorgan's Kolanovic makes the case to buy the Omicron dip: At the Open,2021-12-02
"Stocks see worst two-day loss in 14 months on Omicron uncertainty, hawkish Fed",2021-12-02
"Nasdaq, S&P 500, Dow Jones tumble as taper, Omicron weigh",2021-12-01
"Lennar upped to Buy at Goldman Sachs on homebuilding expansion, D.R. Horton cut to Neutral",2021-12-01
"S&P 500, Dow Jones, and Nasdaq down nearly 2% after Powell's more hawkish tone",2021-11-30
"Jay Powell's hawkish remarks send stocks, bonds, bitcoin tumbling",2021-11-30
"Nasdaq outpaces S&P 500, Dow Jones as megacaps gain at the close",2021-11-29
"Canaccord's Dwyer, Citi looking to buy equity dips",2021-11-29
"Bitcoin, Ethereum erase most of Friday's losses amid broader stock market rally",2021-11-29
Jefferies analyzes all S&P sectors for 2022: Sector Watch,2021-11-29
"Dow Jones, S&P 500, Nasdaq fall 2% as yields plunge amid COVID stress",2021-11-26
"JPMorgan among bank, credit card stocks dip amid renewed COVID variant worries",2021-11-26
"Nasdaq, S&P 500 rise at the close, Dow Jones erases most losses as yields slip",2021-11-24
BofA is getting flashbacks to 2000 and sees 'equity shrinkage': At the Open,2021-11-24
"S&P 500 bubble could create a 'systemic risk' by 2023, Stifel says: At the Open",2021-11-23
"Dow Jones gains slightly at the close, S&P 500, Nasdaq slide as yields surge",2021-11-22
"U.S. dollar climbs to July, 2020 level after Powell renomination; Gold, Bitcoin slide",2021-11-22
"Tech can outperform, even if yields jump next year, BMO says: At the Open",2021-11-22
BofA's quant model ranks the best and worst small-cap sectors: Sector Watch,2021-11-21
"Dow Jones, S&P 500 wrap up week in the red; Nasdaq gains",2021-11-19
"Nasdaq, S&P 500 close near session highs with Dow Jones in the red",2021-11-18
"Dow Jones slips the most at the close, S&P 500, Nasdaq edge lower",2021-11-17
"Dow Jones, Nasdaq, S&P 500 erase some gains at the close as yields inch up",2021-11-16
"Wells Fargo cuts 2022 growth, but boosts S&P 500, yield targets",2021-11-16
"Nasdaq, Dow Jones slip, S&P 500 breaks even at the close as yields push higher",2021-11-15
Earnings to watch: where Wall Street is most bullish and bearish,2021-11-12
"Nasdaq outpaces S&P 500, Dow Jones in broad rally at the close",2021-11-12
"Wells Fargo now sees two rate hikes in 2022, two more in 2023: At the Open",2021-11-12
"Nasdaq, S&P 500 edge up at the close, Dow Jones is dragged down by Disney",2021-11-11
"Nasdaq dips, S&P 500, Dow Jones slide as longer rates ramp up",2021-11-10
Options market that 'dwarfs' previous cycles is an 'after burner' for stocks: At the Open,2021-11-10
"Nasdaq, S&P 500 snap winning streaks as Tesla tumbles; Dow Jones also falls",2021-11-09
"This rare streak could help S&P 500 to 5,000 early next year, BofA says: At the Open",2021-11-09
"Dow Jones, S&P 500, Nasdaq trim gains at the close, megacaps stumble",2021-11-08
"Dow Jones wraps up the week on a strong note, S&P 500, Nasdaq climb",2021-11-05
"Nasdaq closes up on ninth-straight day, S&P 500 gains and Dow closes near flat",2021-11-04
"S&P 500, Nasdaq, Dow Jones rally as Fed tapers, Powell stays dovish on rates",2021-11-03
"Dow Jones, S&P 500, Nasdaq rise as yields stumble",2021-11-02
The trend is your friend -- what worked in October,2021-11-02
BofA clients bail on consumer stocks as they sell for fifth-straight week: At the Open,2021-11-02
"Dow Jones, S&P 500 edge higher as Nasdaq rallies at the close",2021-11-01
"Nasdaq, S&P 500 and Dow Jones all make gains in choppy session",2021-10-29
"Nasdaq, S&P 500, Dow Jones chalk up gains in a broad rally",2021-10-28
"Citi says buy the S&P dips, short gold as market enters its best month: At the Open",2021-10-28
Nasdaq ends flat while the S&P 500 and Dow Jones finish down as yields drop,2021-10-27
BofA screens best and worst stocks for rising Treasury yields: At the Open,2021-10-27
"Nasdaq, S&P 500, Dow Jones finish near flat as Facebook slides",2021-10-26
"Nasdaq leads S&P 500, Dow Jones as Tesla tops $1,000",2021-10-25
Hedge funds outperform broader equity markets in September as value rebounds,2021-10-24
"Markets finish mixed: Nasdaq, S&P 500 close negative while the Dow edges up",2021-10-22
"Nasdaq, S&P 500 close slightly higher and Dow finishes flat",2021-10-21
"Billionaire Mario Gabelli sees Dow at 80,000 by 2031",2021-10-21
S&P 500 ends just shy of record; Dow Jones gains and Nasdaq dips,2021-10-20
"S&P 500, Nadsaq, Dow Jones hold gains as defensives show some strength",2021-10-19
"Nasdaq leads S&P 500 follows and, Dow Jones ends slightly in the red",2021-10-18
Wells Fargo's 'Animal Spirits' are struggling: Alpha Tactics,2021-10-16
"Dow Jones, S&P 500, Nasdaq lead Friday advance as stocks close with weekly gains",2021-10-15
S&P 500's 1.7% advance is the largest in seven months,2021-10-14
"Nasdaq, S&P 500 rise, Dow Jones cuts losses and ends flat after Fed minutes",2021-10-13
What strategists are watching in Q3 earnings season: At the Open,2021-10-13
"Dow Jones, S&P 500, Nasdaq finish to the downside as yields dip",2021-10-12
Materials stocks stay in demand amid stagflation debate: At the Open,2021-10-12
"Dow Jones, Nasdaq, S&P 500 lose gains as choppy tech sector falls back",2021-10-11
"Higher yields, inflation top biggest market risks, Deutsche survey says: At the Open",2021-10-11
REIT boom continues as M&A transaction volume hits record $108B in 2021,2021-10-10
Which sectors do best when rates are rising? - Sector Watch,2021-10-10
"Lyft, Plug Power make latest Piper Sandler top 20 short squeeze list: Alpha Tactics",2021-10-09
"Nasdaq, S&P 500, Dow Jones finished negative as yields rise",2021-10-08
"Dow Jones, Nasdaq climb 1% or better, both positive for the week",2021-10-07
"Nasdaq, Dow Jones, and S&P 500 all rally to close positive",2021-10-06
"Rates are rising but stocks can keep climbing, too: At the Open",2021-10-06
"Dow Jones, S&P 500, Nasdaq extend gains in broad-based rally",2021-10-05
"Dow, S&P 500, and Nasdaq all close in the green on first Q4 trading session",2021-10-01
The trend is your friend -- what worked in September,2021-10-01
"Dow Jones, S&P 500 and Nasdaq extend gains as recovery's strength persists",2021-10-01
S&P stumbles in September to close Q3 flat; what's the Q4 outlook?,2021-09-30
"Nasdaq, S&P 500, and Dow Jones skid down, closing worst month since March 2020",2021-09-30
"PayPal stock continues to slide, but still outperforms S&P this year",2021-09-28
"Dow Jones rises, S&P and Nasdaq fall as yields close near session lows",2021-09-27
"Nasdaq, Dow Jones, S&P 500 run up near session highs at close, erasing losses",2021-09-24
"Cutting jobless benefits early was counterproductive, Moody's says: At the Open",2021-09-24
"S&P 500 now up for the week; Dow, Nasdaq climb as investors embrace Fed talk",2021-09-23
"Fed takes a hawkish turn and markets hold up, for now",2021-09-23
"Dow Jones, S&P 500, Nasdaq climb, but barely nudge after Fed talk",2021-09-22
Evergrande to make Thursday bond payment; S&P 500 futures pop higher,2021-09-21
"Dow Jones, S&P 500 turn negative at the close, Nasdaq holds slight gain",2021-09-21
S&P 500 levels investors should watch from BofA: At the Open,2021-09-21
"Dow Jones, S&P 500 and Nasdaq down 2% after late-session bounce",2021-09-20
"Dow Jones, S&P 500, Nasdaq tumble as China worries spread",2021-09-20
BMO strategist sees S&P 500 climbing 300+ points by the end of the year,2021-09-17
"Dow Jones, S&P 500, Nasdaq off their week lows; energy gains the most this week",2021-09-17
"Nasdaq ekes out a gain, while Dow Jones and S&P 500 pare losses",2021-09-16
14 moonshot technologies BofA says investors must know,2021-09-16
"Dow Jones, S&P 500 rally into the close, Nasdaq erases earlier losses",2021-09-15
"Dow Jones, S&P 500, Nasdaq continues decline as Treasury yields slump",2021-09-14
Why is the stock market down today?,2021-09-14
"BofA model shows a lost decade for stocks, but small-caps may be a haven: At the Open",2021-09-14
"Dow Jones, S&P 500 gain at the close, Nasdaq slips as tech goes sideways",2021-09-13
"History supports an S&P 500 drop in September, but up for Q4: At the Open",2021-09-13
"Don't write off the small-cap stock cycle yet, Jefferies says: Alpha Tactics",2021-09-11
S&P 500 biggest stocks now vs. 10 years ago: Market Snapshot,2021-09-11
"Dow Jones, Nasdaq, S&P 500 close the week lower as prices head even higher",2021-09-10
"S&P 500 sinks to lows after strong bond auction; Dow Jones, Nasdaq also fall",2021-09-09
"Nasdaq, S&P 500, Dow Jones drop amid concerns of equity valuations",2021-09-08
"BofA raises its S&P target from Street lows, but still sees a drop from here",2021-09-08
"Dow Jones and S&P 500 end session lower, while Nasdaq inches up",2021-09-07
"Dow Jones, S&P 500 move down, Nasdaq is flat as yields jump",2021-09-07
"Five bearish stock arguments that don't hold water, according to LPL: Alpha Tactics",2021-09-04
"Nasdaq climbs despite a rise in yields, while Dow Jones, S&P 500 slip",2021-09-03
"Dow Jones, S&P 500, Nasdaq edge down, but yields rise after weak jobs report",2021-09-03
Herd of stock bears gets thinner as Wells Fargo boosts S&P 500 target: At the Open,2021-09-03
"Dow Jones, Nasdaq, S&P 500 hold gains as cyclical stocks rally",2021-09-02
"Nasdaq, Dow Jones, S&P 500 move cautiously higher with jobs numbers a day away",2021-09-02
The trend is your friend -- what stock market strategy worked in August,2021-09-01
Nasdaq pushes further into record territory; S&P 500 edges up as Dow Jones dips,2021-09-01
"Nasdaq, S&P 500 start September higher, shrugging off weak job gains; Dow Jones flat",2021-09-01
"S&P 500 extends monthly win streak to seven; Nasdaq, Dow Jones also gain in August",2021-08-31
Megacaps rack up August gains; what's next may be down to Treasury yields,2021-08-31
"Dow Jones, Nasdaq and S&P 500 mixed in choppy trading as tech retreats",2021-08-31
S&P 500 set to extend winning streak to seven months and history suggests more upside,2021-08-31
"Dow Jones, Nasdaq, S&P 500 dip slightly as market looks ahead to payrolls",2021-08-31
Nasdaq wins the day on tech strength; S&P rises and banks weigh on Dow Jones,2021-08-30
"Nasdaq leads S&P, Dow Jones as megacaps gain some traction",2021-08-30
"Nasdaq, S&P 500, Dow Jones edge up with energy higher in wake of Ida",2021-08-30
UBS eases up on cyclicals and bumps up healthcare: Sector Watch,2021-08-29
"Nasdaq, S&P 500, Dow Jones ring up weekly gains on Powell's dovish stance",2021-08-27
"Nasdaq, Dow Jones, S&P 500 off to races, yields dip as Powell keeps to minutes timing",2021-08-27
"Dow Jones, Nasdaq, S&P 500 edge up ahead of big Powell Jackson Hole speech",2021-08-27
"Nasdaq, Dow Jones, S&P 500 break winning streak with Powell up tomorrow",2021-08-26
"Nasdaq, S&P 500, Dow Jones slump on Kabul explosions",2021-08-26
"Dow Jones, S&P 500 and Nasdaq trade mixed, but rates climb again",2021-08-26
"UBS boosts S&P targets, eyeing 5000 in '22; BofA does a 10-year u-turn: At the Open",2021-08-26
"S&P, Dow Jones, Nasdaq extend winning streaks; 10-year yield triggers 'death cross'",2021-08-25
"Dow Jones, S&P, Nasdaq edge up as rally in yields boosts cyclicals",2021-08-25
"Dow Jones, Nasdaq, S&P 500 are tentative with Jackson Hole approaching",2021-08-25
Three sectors are expected to drive S&P earnings through 2021: Sector Watch,2021-08-22
"Dow Jones, Nasdaq, S&P 500 make a run Friday, but still end down for the week",2021-08-20
"Nasdaq, S&P, Dow Jones tick up thanks to megacaps",2021-08-20
"Techs help Nasdaq, S&P, while Dow Jones falls in choppy trading",2021-08-19
"Late selloff sends Dow Jones, Nasdaq, S&P 500 down for rare two-day drop",2021-08-18
"Dow Jones, Nasdaq, S&P 500 dip amid mixed housing data",2021-08-18
"Dow Jones, S&P, Nasdaq slump but close well above lows again",2021-08-17
"Dow Jones, Nasdaq, S&P 500 are sinking; Tesla falls through support levels",2021-08-17
"Dow Jones, Nasdaq, S&P 500 fall following China stock swoon",2021-08-17
Morgan Stanley's chief strategist predicts 10% S&P 500 correction by year's end,2021-08-17
S&P 500 scores the fastest 100% rally since the Great Depression: At the Open,2021-08-17
"Dow Jones, Nasdaq lower ahead of big day for retail",2021-08-17
"Dip buyers help Dow Jones, S&P recover; Tesla keeps Nasdaq in the red",2021-08-16
"Nasdaq hit by Tesla tumble; Dow Jones, S&P 500 fall, but yields cut losses",2021-08-16
"Dow Jones, S&P 500, Nasdaq slide along with yields as reflation trade stumbles",2021-08-16
"BofA midcap portfolio cuts growth, adds to cyclicals like Chewy: Sector Watch",2021-08-15
AI-powered ETF still all-in on stocks and finding more value: Alpha Tactics,2021-08-14
"Dow Jones, S&P 500 end week higher; Nasdaq falls short as stocks drift Friday",2021-08-13
"Dow Jones, Nasdaq, S&P 500 edge up with a defensive tilt",2021-08-13
"Dow Jones, Nasdaq and S&P 500 dip as wholesale inflation pops",2021-08-12
"Dow Jones leads S&P, Nasdaq as stock market resumes its choppy moves",2021-08-11
"Nasdaq, Dow Jones, S&P 500 move up as inflation dips and yields lose gains",2021-08-11
"Goldman's David Kostin: S&P 500 will rise 6% more this year, thanks to high margins, low rates",2021-08-10
"Dow Jones, Nasdaq, S&P 500 drift with an upward bias with eyes on inflation",2021-08-10
"Dow Jones, S&P 500 hit by oil slump; Nasdaq edges up",2021-08-09
"Credit Suisse sees S&P 5,000 for 2022, Goldman cuts 10-year yield forecast: At the Open",2021-08-09
UBS highlights 20 top dividend stocks in tough times for yield: Alpha Tactics,2021-08-07
"Nonfarm payrolls could kickstart yields, but that could stifle stocks",2021-08-06
"Dow Jones, Nasdaq, S&P 500 edge up, but conviction is lacking",2021-08-05
Goldman Sachs hikes its S&P 500 targets for 2021 and 2022: At the Open,2021-08-05
"Dow Jones and S&P 500 dip, Nasdaq steady after grim private payrolls",2021-08-04
"Dow Jones, S&P 500 outgain Nasdaq as cyclicals climb, yields stay steady",2021-08-03
A record 9 out of 10 S&P 500 companies are beating earnings expectations,2021-08-03
"Dow Jones, S&P 500 vault above Nasdaq in volatile trading as new COVID rules pile up",2021-08-03
"Dow Jones, S&P 500, Nasdaq rebound slightly, but action looks choppy",2021-08-03
"S&P 500, Dow Jones give up gains; Nasdaq stays slightly higher as yields tumble",2021-08-02
The trend is your friend -- what stock market strategy worked in July,2021-08-02
"Nasdaq, S&P 500, Dow Jones gain as infrastructure optimism grows",2021-08-02
"Nasdaq, Dow Jones, S&P 500 struggle for the week, but close out July with gains",2021-07-30
"Nasdaq comes off its lows, but still down along with S&P 500, Dow Jones",2021-07-30
"Nasdaq, S&P 500 hit hard by Amazon; Dow Jones also struggles",2021-07-30
"Cyclical stocks help Dow Jones, S&P 500 close ahead of Nasdaq",2021-07-29
"Dow Jones, S&P 500, Nasdaq climb with more room for Fed to be patient",2021-07-29
"Dow Jones outperforms S&P 500, Nasdaq as market takes GDP miss in stride",2021-07-29
"Nasdaq rallies, S&P 500 flat with little new from Fed; Dow Jones slips",2021-07-28
"Dow Jones, Nasdaq, S&P 500, yields tick up after steady-as-she-goes Fed statement",2021-07-28
"Nasdaq still leads Dow Jones, S&P 500 as Fed decision nears",2021-07-28
"Nasdaq gets earnings boost; Dow Jones, S&P 500 stabilize ahead of Fed",2021-07-28
"Nasdaq ends off lows, but down on China jitters; S&P 500, Dow Jones slide",2021-07-27
"Nasdaq sinks to lows of the day as megacaps weaken; Dow Jones, S&P 500 extend losses",2021-07-27
S&P 500 now on the cusp of an important technical gap level,2021-07-27
"Nasdaq tumbles as China fears spread; Dow Jones, S&P 500 also fall",2021-07-27
"S&P 500, Dow Jones and Nasdaq struggle, moving back from all-time highs",2021-07-27
"Dow Jones, S&P 500 edge up in cautious trading",2021-07-26
"Dow Jones, S&P 500, Nasdaq edge down as investors brace for megacap earnings",2021-07-26
"Dow Jones closes above 35,000 for first time; S&P 500, Nasdaq also set records",2021-07-23
"Nasdaq, S&P 500 ride social media stocks into record territory; Dow Jones also gains",2021-07-23
"Dow Jones, S&P 500, Nasdaq aiming for fourth-straight day of gains",2021-07-23
"Nasdaq climbs as tech rebounds from web outage scare; Dow Jones, S&P 500 end up",2021-07-22
Hedge fund Crescat Capital warns clients S&P 500 could drop 34%,2021-07-22
Direxion launches a new Low Priced Stock ETF (LOPX) featuring AMC as its top holding,2021-07-22
"S&P 500, Dow Jones, Nasdaq trade mixed; Minerd sees 15% correction",2021-07-22
"Dow Jones, Nasdaq, S&P 500 put together another rally as yields jump again",2021-07-21
"Dow Jones, S&P 500, Nasdaq remain higher as yields surge again",2021-07-21
"Dow Jones, S&P 500 climb on earnings; Nasdaq lags as yields edge up",2021-07-21
"S&P 500, Dow Jones, and Nasdaq near 2% gains ahead of the close",2021-07-20
"Dow Jones leads S&P 500, Nasdaq as stocks gain traction, yields trim losses",2021-07-20
"Dow Jones, S&P 500, Nasdaq edge up, but 10-year yield dips below 1.5%",2021-07-20
"Dow Jones has worst day since October; S&P 500, Nasdaq and yields also tumble",2021-07-19
"Session lows for S&P 500, Dow Jones, and Nasdaq an hour before the close",2021-07-19
"Dow Jones sinks 700 points, S&P, Nasdaq also slump as recovery trade loses steam",2021-07-19
"Dow Jones, Nasdaq, S&P 500 tumble as growth worries hit yields",2021-07-19
"Stock market slumps late, cementing weekly losses for Nasdaq, S&P 500, Dow Jones",2021-07-16
"Dow Jones, Nasdaq, S&P 500 lose gains as consumer sentiment slides, inflation fears rise",2021-07-16
"Nasdaq, S&P 500, Dow Jones edge up after resilient retail sales",2021-07-16
"Nasdaq, S&P 500 slump, but Dow Jones bucks the trend; yields fall",2021-07-15
"Dow Jones cuts losses as financials turn around; S&P, Nasdaq still struggle",2021-07-15
"Nasdaq, S&P 500, Dow Jones fall as Philly Fed index slumps",2021-07-15
"Dow Jones, Nasdaq, S&P 500 fall as auction weakness, not CPI, boosts yields",2021-07-13
"Nasdaq leads S&P 500, Dow Jones as tech rallies and yield curve flattens",2021-07-13
"S&P 500, Nasdaq, Dow Jones edge down on big CPI number; bond yields in check",2021-07-13
"S&P 500, Dow Jones outperform Nasdaq as banks rise ahead of earnings",2021-07-12
"Stock market 'fairly valued,' Bitcoin's ability to store value an 'open question' - fund manager Bill Miller",2021-07-12
"Dow Jones, S&P 500 lead Nasdaq as Treasury yields turn around",2021-07-12
Nasdaq rises and Dow Jones slips as megacaps climb and cyclicals stall,2021-07-12
"Dow Jones, S&P 500, Nasdaq snag weekly gains on Friday rally as yields jump",2021-07-09
"Dow Jones, S&P 500, Nasdaq rally about 1% and look to close out week higher",2021-07-09
"Dow Jones leads S&P 500, Nasdaq with Treasury yields rebounding",2021-07-09
"Cyclical weakness, lower rates hit Dow Jones, S&P 500 and Nasdaq",2021-07-08
"S&P 500, Nasdaq, Dow Jones move well off lows as yields cut losses",2021-07-08
Why is the stock market down today?,2021-07-08
S&P 500 snaps winning streak; Dow slumps and Nasdaq ekes out gain,2021-07-06
"Nasdaq follows Dow Jones, S&P 500 lower as tech turns negative",2021-07-06
"Dow Jones, S&P 500 fall as yields tumble, 30-year Treasury dips below 2%",2021-07-06
"Techs boost Nasdaq as S&P 500, Dow Jones drift",2021-07-06
"Healthcare, tech highlight BTIG's midyear top stock picks: At the Open",2021-07-06
UBS picks the best sectors for a strong earnings season: Sector Watch,2021-07-05
"Nasdaq, S&P 500, Dow Jones clear jobs hurdle to close day, week higher",2021-07-02
"Nasdaq, S&P 500, Dow Jones pick up steam as megacaps climb",2021-07-02
"Nasdaq, S&P 500, Dow climb on mixed jobs report as yields fall",2021-07-02
"S&P 500 leads Dow, Nasdaq as indexes kick off third quarter with gains",2021-07-01
"S&P 500, Dow Jones are still up; Nasdaq dented by chip stocks",2021-07-01
S&P hits Wall Street’s 2021 target in six months; Is this as good as it gets?,2021-06-30
"S&P 500, Dow Jones close out quarter at records; Nasdaq leads in June",2021-06-30
"Dow Jones leads indexes, helped by Walmart; S&P, Nasdaq drift again",2021-06-30
"Dow Jones, S&P 500 and Nasdaq trading mixed again with payrolls on horizon",2021-06-30
"Nasdaq closes just higher, but S&P, Dow Jones and yields end flat",2021-06-29
"Dow Jones, S&P 500 struggling to hang onto gains",2021-06-29
"Banks, Boeing lift Dow Jones; S&P 500 edges up with Nasdaq drifting",2021-06-29
"Nasdaq leads as yields drop, techs climb; Dow Jones hit by Boeing",2021-06-28
"Chip stocks, falling yields help Nasdaq rally, but Dow slumps, S&P struggles",2021-06-28
"Nasdaq gains on tech strength; S&P 500 edges up, Dow off slightly",2021-06-28
"Goldman says S&P 500 can weather sticky inflation, but still sees little upside: At the Open",2021-06-28
What the qaunts want: here are the top 10 stocks: Sector Watch,2021-06-27
Dow Jones leads the day and week; S&P 500 notches best week since February,2021-06-25
"Dow Jones still running on Nike, but Nasdaq flat as techs turn down",2021-06-25
"Cyclicals push Dow Jones ahead; S&P 500, Nasdaq edge higher",2021-06-25
"Industrials help Dow Jones rally on infrastructure; S&P 500, Nasdaq also rise",2021-06-24
"Biden announces infrastructure deal; Dow Jones rallies ahead of Nasdaq, S&P",2021-06-24
"Techs, cyclicals holding up, with Nasdaq leading S&P 500, Dow Jones",2021-06-24
"Nasdaq, S&P 500 and Dow Jones rally thanks to tech strength",2021-06-24
"Piper Sandler sees big second half curveballs, but more S&P upside: At the Open",2021-06-24
"Nasdaq ends up, but S&P 500, Dow Jones dip in lackluster trading",2021-06-23
"S&P 500, Nasdaq, Dow Jones wobble after Fed's Bostic leans to early rate hike",2021-06-23
"Nasdaq, Dow Jones, S&P 500 trade cautiously again as yields edge up",2021-06-23
"Jerome Powell lifts S&P 500, Nasdaq and Dow Jones to a solid close",2021-06-22
"S&P 500 hits intraday high as Powell speaks; Nasdaq, Dow Jones also climb",2021-06-22
"Nasdaq, S&P 500 gain some traction, Dow Jones edges up",2021-06-22
"Dow Jones, Nasdaq, S&P 500 in holding pattern with Fed's Powell up later",2021-06-22
"Dow Jones jumps 580 points as reflation trade re-emerges; S&P, Nasdaq also rise",2021-06-21
"Dow Jones leads the rally with S&P 500, Nasdaq also climbing",2021-06-21
"Dow Jones, S&P 500 climb, Nasdaq drops as yields tick up",2021-06-21
Dow Jones has worst weekly drop since Jan.; Nasdaq snaps streak with S&P also down,2021-06-18
"Dow Jones, S&P 500, Nasdaq in broad selloff on rate hike concerns",2021-06-18
"Dow Jones, S&P 500, Nasdaq fall on hawkish Fed talk",2021-06-18
"Nasdaq rallies on tech, Dow falls on banks, S&P flat as Fed bond trade reverses",2021-06-17
Nasdaq bounces higher as yields retreat; S&P is flat and Dow Jones down,2021-06-17
"Nasdaq, S&P 500, Dow Jones are flat, yields mixed as stock market steadies after Fed",2021-06-17
"S&P, Dow Jones, Nasdaq off lows as Powell counters hawkish dot plot; yields still jump",2021-06-16
"S&P 500, Nasdaq, Dow Jones sink as Fed pulls rate hike expectations forward; yields rise",2021-06-16
"Nasdaq edges up ahead of Fed, with S&P 500, Dow Jones flat",2021-06-16
"Nasdaq, S&P 500, Dow Jones look set to trade sideways as Federal Reserve decision nears",2021-06-16
"Nasdaq falls, S&P 500 and Dow Jones dip ahead of Fed meeting decision",2021-06-15
"Nasdaq, Dow Jones, S&P 500 extend losses; megacaps drop",2021-06-15
"Wells Fargo out with 2022 predictions, sees still-hot growth and inflation",2021-06-15
"Dow Jones, S&P 500, Nasdaq trade cautiously after another pop in inflation",2021-06-15
"Rare synchronized stock selling puts short-term returns in doubt, BofA says: At the Open",2021-06-15
"Tech helps Nasdaq rise; S&P 500 edges up, but Dow Jones slips",2021-06-14
Cyclicals pull Dow Jones down; Nasdaq clings to gains,2021-06-14
"Nasdaq edges up, helped by megacaps; S&P 500, Dow Jones dip",2021-06-14
"Nasdaq, S&P 500 extend weekly winning streaks, Dow Jones misses as yields slump",2021-06-11
"Dow Jones slips, Nasdaq, S&P 500 drift with megacaps lower",2021-06-11
"Dow Jones, S&P 500 and Nasdaq edge up as yields stabilize",2021-06-11
"Nasdaq rallies as yields shrug off inflation; S&P 500 sets record, Dow Jones up",2021-06-10
"Nasdaq, Dow Jones, S&P 500 get some tech help as inflation scare proves short-lived",2021-06-10
"Dow Jones, S&P 500, Nasdaq climb as jobless claims counter hot inflation",2021-06-10
"S&P falls short of record again, Nasdaq and Dow drop; meme trade ends mixed",2021-06-09
"Nasdaq, S&P, Dow Jones trade sideways as meme rally starts to fade",2021-06-09
"Nasdaq leads S&P 500, Dow Jones as yields slide; meme stocks trade mixed",2021-06-09
"Nasdaq closes up, with Dow down and S&P flat; new meme stocks rally",2021-06-08
"Nasdaq, S&P 500, Dow Jones drift as tech loses steam",2021-06-08
"Nasdaq, S&P 500 boosted by Tesla; Dow Jones struggles",2021-06-08
Nasdaq ends up as megacaps gain; Dow Jones falls and S&P edges down,2021-06-07
"Nasdaq, Dow Jones, S&P 500 dip as cash moves to defensive sectors",2021-06-07
"Nasdaq, Dow Jones, S&P 500 are little changed, but AMC jumps again",2021-06-07
Charts make the historical case for an S&P 500 summer rally: Alpha Tactics,2021-06-05
"Nasdaq, Dow Jones, S&P 500 rally through Friday to close week higher",2021-06-04
"Nasdaq leads, with S&P, Dow Jones also higher on Goldilocks jobs report",2021-06-04
"Nasdaq, S&P, Dow Jones rise as jobs miss allays Fed action fears",2021-06-04
"Nasdaq, S&P fall as megacaps struggle, Dow dips; meme frenzy eases",2021-06-03
"Dow Jones rises, Nasdaq, S&P cut losses as Biden offers tax concession",2021-06-03
"Nasdaq, Dow Jones, S&P 500 fall on tech weakness; meme stocks struggle",2021-06-03
"Nasdaq, S&P, Dow Jones close up on late bounce with all eyes on AMC",2021-06-02
"Nasdaq, Dow Jones, S&P 500 drift as meme stocks steal the show",2021-06-02
"Nasdaq edges up, S&P and Dow drift as investors look ahead to payrolls",2021-06-02
"Dow Jones ekes out a gain, while S&P 500 and Nasdaq slip",2021-06-01
"Tech pulls Nasdaq into negative territory; Dow Jones, S&P pare gains",2021-06-01
"Nasdaq leads as S&P 500, Dow Jones also rally; yields rise",2021-06-01
"As June begins, here are the short-term index levels to watch for a breakout: At the Open",2021-06-01
"With inflation near a 20-year high, here are the stronger sectors: Alpha Tactics",2021-05-29
"Dow Jones, S&P 500 finish week, May up; Nasdaq has worst month since October",2021-05-28
"Nasdaq leads Dow Jones, S&P as tech stocks gather steam",2021-05-28
"Dow Jones, S&P 500, Nasdaq rise, shrugging off hot inflation data",2021-05-28
Earnings narrative switching to 'As Good as It Gets': At the Open,2021-05-28
"Industrials help Dow Jones, S&P 500 rise; Nasdaq ends flat",2021-05-27
"Cyclicals lift Dow Jones, S&P 500; Nasdaq edges up",2021-05-27
"Dow Jones, S&P 500 edge up, but Nasdaq struggles amid higher yields",2021-05-27
"S&P keeps fighting off a correction, but Wall Street sees a near ceiling: Alpha Tactics",2021-05-22
"Nasdaq breaks four-week losing streak, just, as S&P, Dow post weekly losses",2021-05-21
"Nasdaq, S&P 500 erase gains as tech stocks head south; Boeing helps Dow",2021-05-21
"S&P 500, Dow Jones, Nasdaq climb as cyclicals find footing",2021-05-21
"Tech leads the way as Nasdaq, S&P rally; Microsoft leads Dow Jones",2021-05-20
"Nasdaq rallies ahead of S&P 500, Dow Jones, but stock market off highs",2021-05-20
"Nasdaq, S&P 500, Dow Jones rise as crypto jitters ease, megacaps gain",2021-05-20
Tony Dwyer still waiting for a stock market 'reset' to go on offense: At the Open,2021-05-20
"Dow Jones, S&P 500 fall, Nasdaq closes flat in frenetic day of trading",2021-05-19
"S&P 500, Dow Jones, Nasdaq whipsawed by Fed minutes; yields bounce",2021-05-19
"Dow Jones, S&P 500, Nasdaq fall, but come off lows; Bitcoin finds some support",2021-05-19
"Nasdaq slumps amid crypto jitters; Dow Jones, S&P 500 also fall",2021-05-19
"S&P 500, Dow Jones, Nasdaq take a fall amid housing starts dip, inflation fears",2021-05-18
"Nasdaq leads on megacap gains; S&P 500, Dow Jones struggle with cyclical weakness",2021-05-18
"Nasdaq edges higher; S&P 500, Dow Jones hindered by housing starts",2021-05-18
"Nasdaq, S&P, Dow jones remain lower with little leadership amid tech selling",2021-05-17
"Nasdaq, Dow Jones, S&P fall on tech weakness again; retailers ease mask rules",2021-05-17
"Nasdaq posts fourth-straight down week, first time since '19; Dow, S&P end week lower",2021-05-14
"Nasdaq rides tech comeback up 2%; S&P, Dow Jones join rally",2021-05-14
"Dow Jones, S&P 500, Nasdaq gain, shrugging off disappointing retail sales",2021-05-14
"Dow Jones, S&P 500, Nasdaq rally in wild trading; Treasury yields pull back",2021-05-13
Nasdaq cuts gains in volatile trade as crypto concerns push Tesla lower,2021-05-13
"Dow Jones, S&P 500 extend gains; Nasdaq trails as Tesla turns negative",2021-05-13
"Nasdaq rebounds, Dow Jones and S&P 500 climb as yields ease",2021-05-13
"Inflation fears send Nasdaq down 2.7%; Dow Jones, S&P 500 also hit hard",2021-05-12
"Nasdaq slumps 2% as Treasury yields rise; Dow Jones, S&P lose more ground",2021-05-12
"Nasdaq dented by inflation sticker shock; Dow Jones, S&P 500 also slip",2021-05-12
"BMO's Belski boosts S&P target to 4,500, upgrades energy, cuts staples: At the Open",2021-05-12
"Dip buyers help Nasdaq erase nearly all losses, but Dow Jones and S&P sink",2021-05-11
"Dow Jones, S&P 500 under pressure as cyclicals weaken; Nasdaq trims losses",2021-05-11
"Nasdaq, Dow Jones, S&P 500 keep sliding as inflation fears keep hitting tech",2021-05-11
Payrolls shock doesn't mean inflation reprieve; Here's a way to position: Alpha Tactics,2021-05-08
"Dow Jones, S&P end week up; Nasdaq falls for third week despite Friday rally",2021-05-07
"Nasdaq, Dow Jones, S&P 500 hold gains, even as yields turn higher",2021-05-07
"Nasdaq jumps, Dow Jones trails on huge payrolls miss; yields cut losses",2021-05-07
"Nasdaq breaks losing streak with a late charge; S&P 500, Dow Jones also rise",2021-05-06
"Dow Jones and S&P 500 climb, Nasdaq cuts losses as most sectors turn positive",2021-05-06
"Dow Jones, Nasdaq, S&P 500 are mixed as tech still feels pressure",2021-05-06
"Nasdaq loses steam to fall for fourth day; Dow Jones, S&P post modest gains",2021-05-05
"Energy stocks boost S&P, Dow Jones; megacap stocks help Nasdaq",2021-05-05
"Nasdaq, S&P 500 rebound, Dow Jones rises on bullish jobs data, Yellen clarification",2021-05-05
"Nasdaq, S&P 500 fall, Dow ekes out gain as Yellen gets market thinking about rates",2021-05-04
"Nasdaq slump worsens on Apple selling; Dow Jones, S&P fall further after Yellen remarks",2021-05-04
"Dow Jones, S&P 500, Nasdaq slide as tech weakness remains and reopening enthusiasm stutters",2021-05-04
BofA chartist says buy in May and sell in July and August: At the Open,2021-05-04
"Dow Jones, S&P ride cyclicals higher, but tech stumbles and Nasdaq ends down",2021-05-03
"Dow Jones still rallying, but Nasdaq gives up gains as techs turn lower",2021-05-03
"Wall Street bullishness hits post-Financial Crisis high, BofA says",2021-05-03
"Dow Jones, S&P 500, Nasdaq rising as cyclicals see strength",2021-05-03
"Goldman boosts corporate spending forecast, but higher taxes are a big risk: At the Open",2021-05-03
Strong economic data may now start weighing on sentiment: Alpha Tactics,2021-05-01
"Dow Jones, Nasdaq end week lower, S&P 500 barely up despite a bevy of bullish news",2021-04-30
J.P. Morgan quant strategists advise 'buy in May and go away',2021-04-30
"S&P 500, Nasdaq, Dow Jones dragged down by tech, energy",2021-04-30
"Dow Jones, S&P 500, Nasdaq fall as investors remain hot and cold on earnings",2021-04-30
"Dow Jones, S&P 500 notch new records helped by earnings, GDP gain",2021-04-29
"S&P 500, Dow Jones, Nasdaq erase gains as tech sector turns red",2021-04-29
"Nasdaq, S&P 500, Dow Jones jump on big tech earnings; yields pop after GDP rise",2021-04-29
"S&P 500, Dow Jones, Nasdaq end lower, losing brief Fed bounce",2021-04-28
"S&P 500, Nasdaq tick up as Powell assures market on tapering; Dow Jones pares losses",2021-04-28
"Dow Jones, Nasdaq fall on earnings; energy leads S&P 500",2021-04-28
"S&P 500, Dow Jones, Nasdaq remain in holding pattern ahead of Fed",2021-04-28
"S&P 500, Dow Jones edge up, Nasdaq dips in cautious market ahead of Fed",2021-04-27
"S&P 500, Dow Jones stay flat; Nasdaq slips as yields rise after Treasury auction",2021-04-27
"S&P 500, Dow Jones still hugging the flatline; cyclicals rally",2021-04-27
"Dow Jones, S&P 500, Nasdaq look for direction as Fed starts two-day meeting",2021-04-27
Goldman's blockchain screen stocks are trouncing the S&P: At the Open,2021-04-27
Retail investors could counter the much-anticipated correction: Alpha Tactics,2021-04-24
"Dow Jones, S&P, Nasdaq gain on day, but snap weekly winning streaks",2021-04-23
"Nasdaq, Dow Jones, S&P pick up steam as home sales help sentiment",2021-04-23
Goldman Sachs says U.S. economic growth is peaking,2021-04-23
"Nasdaq climbs, Dow slips as market tries to rebound from capital gains hit",2021-04-23
"Dow Jones, Nasdaq, S&P close lower as capital gains tax spooks an unsure market",2021-04-22
"Dow Jones, S&P, Nasdaq sink on report Biden could boost capital gains tax to 43.4%",2021-04-22
"Dow Jones, Nasdaq trading is still choppy with leadership hard to come by",2021-04-22
"Dow Jones, S&P and Nasdaq edge down as investors assess earnings",2021-04-22
"Dow Jones, Nasdaq rally into close as reopening stocks regain some favor",2021-04-21
"Dow Jones, Nasdaq bounce back from weak open on recovery plays",2021-04-21
"Netflix hits Nasdaq; Dow Jones, S&P 500 slip as COVID cases rise",2021-04-21
"Nasdaq, Dow Jones, S&P slide with cyclicals and tech weak",2021-04-20
Pause in 'euphoric sentiment' as BofA clients sell stocks at highs,2021-04-20
"Nasdaq, S&P, Dow Jones slump as Europe stocks tumble",2021-04-20
Watch out for 'peak optimism' on the S&P 500 - LPL Financial,2021-04-20
"Dow Jones, Nasdaq dip with market lukewarm on earnings",2021-04-20
"Nasdaq, S&P, Dow Jones fall as megacap sectors stumble",2021-04-19
"Nasdaq, Dow Jones extend losses as selloff broadens",2021-04-19
Three indicators to watch for a tactical correction,2021-04-19
"Nasdaq, Dow Jones dip as tech sees weakness",2021-04-19
"Dow Jones, S&P rise, helped by strong housing data",2021-04-16
Bill Miller says the stock markets' path of least resistance is higher,2021-04-15
"Dow Jones, S&P 500 hit new records; Nasdaq leads as yields sink to 1-month lows",2021-04-15
"Dow Jones, Nasdaq, S&P pop higher after surge in March retail sales",2021-04-15
"Nasdaq falls on tech weakness, but Goldman keeps Dow Jones in the green",2021-04-14
Dow Jones climbs thanks to Goldman earnings,2021-04-14
"Stick with cyclicals for Bull Market Year 2, says Wells Fargo: At the Open",2021-04-14
"Dow Jones, S&P futures tick up as banks top estimates",2021-04-14
"Nasdaq climbs, Dow Jones edges down as market digests 2.6% inflation",2021-04-13
Nasdaq slips most among indexes as tech selling picks up,2021-04-12
"Dow Jones, S&P edge back from all-time highs",2021-04-12
Healthcare momentum struggling with UnitedHealth set to report: Sector Watch,2021-04-11
Earnings season approaches and UBS sees options opportunities in tech: Alpha Tactics,2021-04-10
"Dow Jones, S&P 500 end week at record highs; Nasdaq leads weekly gains",2021-04-09
"Nasdaq turns positive as yields ease back; Dow, S&P still up",2021-04-09
"Dow Jones edges up, Nasdaq slips after wholesale inflation jump",2021-04-09
Nasdaq leads on tech rally as S&P 500 sets another record,2021-04-08
Nasdaq near highs of day as Fed's Powell sticks to the script,2021-04-08
Nasdaq shakes off malaise and climbs; S&P edges further into record territory,2021-04-08
"S&P, Dow edge up, Nasdaq dips as consolidation continues",2021-04-07
"Nasdaq, Dow Jones, S&P slip on Fed, corporate tax worries",2021-04-07
"Nasdaq, Dow Jones edge down, market indecision continues",2021-04-07
"Nasdaq, S&P 500 snap three-session win streaks; Dow Jones also falls",2021-04-06
"Nasdaq gains slightly, Dow Jones dips; IMF says stocks can keep 'booming'",2021-04-06
"Dow Jones, S&P slip from highs in pause after strong rally",2021-04-06
"S&P 500 at record highs, but history says don't sweat the numbers: At the Open",2021-04-06
"S&P, Nasdaq leading as stocks gain steam after record ISM services number",2021-04-05
"Nasdaq, S&P, Dow Jones rally, catching up on payrolls jump, Tesla deliveries",2021-04-05
"S&P 500 holding above 4,000; Nasdaq keeps adding to gains",2021-04-01
"Lion? Lamb? March's best stocks, strategies into April",2021-04-01
"S&P 500 tops 4,000 for the first time",2021-04-01
S&P faces uphill climb for double-digit gains this year: At the Open,2021-04-01
"First-quarter roundup: bonds tumble, M&A jumps",2021-04-01
"Nasdaq extends gains with megacaps higher, Dow Jones flat",2021-03-31
"Nasdaq leads the averages on tech strength; Dow, S&P slightly higher",2021-03-31
"Dow Jones, Nasdaq still edging lower as tech falls",2021-03-30
Nasdaq falls as rising bond yields keep pressure on tech stocks,2021-03-30
"Dow Jones, Nasdaq slip amid Archegos selling",2021-03-29
"Dow, S&P close week higher; Nasdaq falls for second week in a row",2021-03-26
"Dow Jones, S&P adding to gains as cyclicals hold strong",2021-03-26
"Nasdaq facing Treasury yields pressure again, Dow Jones notches gains",2021-03-26
Dow Jones outperforms Nasdaq as cyclicals rally into the close,2021-03-25
"Dow Jones, Nasdaq and S&P erasing losses as cyclicals bounce",2021-03-25
"Nasdaq, Dow Jones, S&P fall as bearish tilt continues",2021-03-25
Nasdaq slumps late again with investors still tech-shy; Dow Jones can't hold gains,2021-03-24
"Dow Jones rallies, Nasdaq falters as cyclicals regain momentum",2021-03-24
"Dow Jones, Nasdaq climb as Intel helps tech confidence",2021-03-24
"Dow Jones, Nasdaq edging lower as Powell. Yellen testify",2021-03-23
Nasdaq outperforming Dow Jones as macro issues remain top of mind,2021-03-23
"Nasdaq leads indexes on tech strength, yield weakness; S&P, Dow Jones end up",2021-03-22
Nasdaq keeps outpacing Dow Jones as states look to pause reopenings,2021-03-22
Nasdaq rises and Dow Jones falls on lower yields as see-saw action continues,2021-03-22
"Dow Jones, Nasdaq and S&P finish down for the week as bond yields keep climbing",2021-03-19
"Nasdaq rallying with yields in check, Dow Jones hit by financials weakness",2021-03-19
"Dow Jones, S&P slip as the Fed surprises the bond market and yields reverse",2021-03-19
"Nasdaq, Dow and S&P close near lows as yields sour appetite for stocks",2021-03-18
Dow Jones adds to gains and Nasdaq off lows as bank rally heats up,2021-03-18
"Nasdaq tumbles, Dow Jones fights the flatline as 10-year Treasury hits 1.75%",2021-03-18
"Dow Jones, Nasdaq, S&P close higher as dovish Fed halts Treasury yields spike",2021-03-17
"Dow Jones pops higher, Nasdaq, S&P erase losses with Fed still cool on rate hikes",2021-03-17
"Nasdaq still under pressure, Dow Jones higher, with 10-year near 1.7%",2021-03-17
"Nasdaq slumps, Dow Jones rises as yields jump ahead of Fed",2021-03-17
"Nasdaq holds onto a small gain, but S&P closes down and yields edge up",2021-03-16
Nasdaq still leading the major averages after solid Treasury auction,2021-03-16
Nasdaq leads the stock market again with another Treasury auction coming up,2021-03-16
Nasdaq outperforms as Treasury yields edge lower,2021-03-15
"Tech stocks gain some traction, pushing Nasdaq higher",2021-03-15
"Dow Jones leads the major averages, but trading cautious amid high yields",2021-03-15
"As 52-week highs pile up, it may be time to get more bullish: Alpha Tactics",2021-03-13
"Dow, S&P, Nasdaq end at highs of the day and up for the week",2021-03-12
"Dow Jones climbing as bond yields stay high, but Nasdaq, S&P move off lows",2021-03-12
"Nasdaq's see-saw action continues, falling as bond yields jump back to life",2021-03-12
Where the markets stand a year after WHO declared a pandemic: At the Open,2021-03-12
Nasdaq closes 2.5% higher as stimulus bill becomes law and yields hold tight,2021-03-11
Nasdaq leads the major averages as Biden signs $1.9 trillion stimulus bill,2021-03-11
Nasdaq rally gains momentum as tech buying ramps up,2021-03-11
Nasdaq leads the stock market with yields still in check,2021-03-11
Dow Jones owes its record high to just six stocks: At the Open,2021-03-11
"Dow Jones jumps to new high, Nasdaq lags as stimulus bill advances",2021-03-10
S&P 500 holding gains as yields dip after bond auction,2021-03-10
Nasdaq trims gains as markets look to 10-year Treasury auction,2021-03-10
"Nasdaq, S&P 500, Dow rally as yields erase gains with retail inflation in check",2021-03-10
"Tesla soars, Nasdaq has best day since November as dip-buyers dive in",2021-03-09
Nasdaq surges 4% as tech turnaround upshifts into broad rally,2021-03-09
Nasdaq rebounds sharply as Treasury yields drop ahead of auction,2021-03-09
"Now is not the time to abandon tech, Oppenheimer says: At the Open",2021-03-09
"Nasdaq falls, Dow Jones gains as bond yields still hold sway",2021-03-08
Dow Jones leading the major averages thanks to financials,2021-03-08
Nasdaq lags S&P 500 as yield pressure on tech continues,2021-03-08
Struggling defensive sectors losing even more appeal ahead of more stimulus: At the Open,2021-03-08
Rising yields might just be good for stocks after all: Alpha Tactics,2021-03-06
"S&P rebounds to close week higher, but Nasdaq off for third-straight week",2021-03-05
Stock market back at session highs in volatile trading as yields drop,2021-03-05
"S&P 500, Nasdaq falling as Tesla weighs and tech turns negative",2021-03-05
S&P 500 rallies as jobs enthusiasm trumps high yield worries,2021-03-05
"Fed Chairman Powell dents stocks, but S&P finishes off its lows; yields jump",2021-03-04
Cathie Wood’s ARKK erases 2021 gains,2021-03-04
S&P 500 turns red for the year as selloff picks up steam,2021-03-04
Stocks turn negative on Powell's inflation comments; yields off to the races,2021-03-04
Stocks find some buying support ahead of Fed's Powell,2021-03-04
Nasdaq takes a tumble as yield rise hits tech stocks again,2021-03-03
"Nasdaq still feeling tech weakness, but cyclicals lift the Dow",2021-03-03
Stocks facing pressure again as Treasury yields rebound,2021-03-03
Nasdaq closes at lows as techs weaken further; Rocket ends up 70% in squeeze,2021-03-02
"Nasdaq still underperforming, but stocks are off lows",2021-03-02
Sports betting upstart Rivalry raises $20M,2021-03-02
Tech selling picks up as stocks turn decidedly negative,2021-03-02
Stocks look for direction following Monday's surge; yields also little changed,2021-03-02
Stock market surges as megacaps rebound and yields lose steam,2021-03-01
Stock rally builds as yields flatten out,2021-03-01
Nasdaq is hardest hit in down week for stocks; bond yields tumble late,2021-02-26
Megacap stocks help Nasdaq extend gains,2021-02-26
"Nasdaq, S&P rebounding as Treasury yields give up more gains",2021-02-26
Nasdaq posts biggest loss in four months as high yields bite into stocks,2021-02-25
Nasdaq down 3% as 10-year yield spikes through 1.6%,2021-02-25
Tech stocks stumbling again as yields take off; squeeze stocks back in action,2021-02-25
"Cyclicals, tech turnaround help S&P 500 to a strong gain",2021-02-24
Energy stocks lead broader market into positive territory; rates edge back,2021-02-24
Tech stocks slide as 10-year yield tops 1.4%,2021-02-24
Stock market rebounds with the dip-buyers to the rescue,2021-02-23
Fed's Jay Powell's dovish comments help stocks off their lows,2021-02-23
Nasdaq continues to tumble as high-valuation nerves fray on Tesla plunge,2021-02-23
"Rates rise, Tesla sinks and the Nasdaq falls",2021-02-22
Nasdaq slides as the yield situation is appreciated,2021-02-22
"S&P drifts into to close to end down for fourth-straight day, lower for week",2021-02-19
"S&P 500 comeback bid stumbles, Nasdaq fighting to hold gains",2021-02-19
"S&P 500, Nasdaq climbing with an eye to reversing weekly losses",2021-02-19
"Nasdaq ends down for third-straight session, but late buying limits damage again",2021-02-18
Tech weakness keeping stock market pinned down,2021-02-18
Nasdaq continues to see biggest declines; real rates still climbing,2021-02-18
"Tech stocks remain weak, but S&P makes a late run to cut losses",2021-02-17
Stocks still in the grips of tech selling; rates edging lower,2021-02-17
Treasury yields losing steam despite strong economic data; stocks move lower,2021-02-17
"VIX breaks its streak above 20, may be entering a new landscape: At the Open",2021-02-17
"Rates rally sharply as 10-year hits 1.3%, but S&P 500 stuck in neutral",2021-02-16
"Treasury yields soaring, but stocks lose momentum",2021-02-16
Stocks climb on reflation trade as Treasury yields break out,2021-02-16
"Late rally cements stock market gains for the day, week",2021-02-12
S&P 500 still struggling for direction as megacaps remain weak,2021-02-12
Stock market drifting lower as long-term yields rise,2021-02-12
Markets lower on a lacklustre day,2021-02-11
Semiconductor stocks stand out in another non-committal day for the market,2021-02-11
Stock market loses momentum again as S&P 500 turns negative,2021-02-11
Nasdaq leads the averages as recovery sector momentum stalls,2021-02-11
S&P 500 fails to make decisive move for second day; small-caps snap win streak,2021-02-10
Stocks paring losses after a sharp morning reversal,2021-02-10
Stocks move broadly higher as tame CPI calms inflation worries,2021-02-10
Small-cap stocks keep winning streak as S&P 500 fails to gain any traction,2021-02-09
Nasdaq leads the major averages as broader market fights the flatline,2021-02-09
Stocks ease back from record highs as cyclicals take a breather,2021-02-09
"S&P 500 rides reflation trade, late buying to close at highs",2021-02-08
Small-cap stocks rally to highs and broader market holds reflation gains,2021-02-08
S&P 500 climbs as reflation trade momentum continues,2021-02-08
S&P 500 on the lookout for a five-day winning streak,2021-02-05
Stock market rallies on recovery enthusiasm ahead of jobs data,2021-02-04
S&P 500 adds to gains as cyclicals lead the advance,2021-02-04
Stock market slightly higher as financials keep rally on rising rates,2021-02-04
S&P 500 barely keeps win streak alive; meme stocks cling to gains,2021-02-03
Meme stocks volatile but slightly higher; Nasdaq pares gains,2021-02-03
Nasdaq keeps climbing led by a big bounce in Alphabet,2021-02-03
"Stocks rally, boosted by renewed stimulus enthusiasm",2021-02-02
"Stock market holding strong gains, with cyclicals leading the way",2021-02-02
BofA's Sell Side Indicator close to sell signal at near-decade high,2021-02-02
S&P 500 climbs as megacap stocks keep the spotlight and squeeze trades unwind,2021-02-02
Stock market surges as Reddit stock momentum wanes,2021-02-01
"S&P 500 back at highs in volatile trading, Nasdaq leads the averages",2021-02-01
"Stock market rebounding from a poor week, led by megacap sectors",2021-02-01
S&P 500 has worst week in 3 months as volatile squeeze trades fray nerves,2021-01-29
Stock market plunge accelerates with more tech selling,2021-01-29
Megacap stocks weigh on S&P 500 as choppy trade continues,2021-01-29
S&P 500 closes higher amid battle between Wall Street and retail investors,2021-01-28
Broader stock market extending gains as financials lead,2021-01-28
Stock market climbs as beaten-down recovery sectors rebound,2021-01-28
Stocks tumble with S&P posting biggest loss in three months,2021-01-27
Short-squeeze frenzy no substitute for megacap strength as S&P losses widen,2021-01-27
Cinema stocks melt up as AMC triples its value,2021-01-27
Stock market falls as big-name earnings fail to impress,2021-01-27
S&P 500 edges down as cyclicals weakness persists,2021-01-26
S&P 500 rises as cyclical stocks rebound,2021-01-26
"Late rally lifts S&P 500 to solid gains, Nasdaq also higher",2021-01-25
S&P 500 now in the red in volatile trading; Nasdaq also turns lower,2021-01-25
Nasdaq rallying on tech strength; analysts boost Apple targets,2021-01-25
Nasdaq ekes out a gain at the close to wrap up a strong weekly advance,2021-01-22
Stock market trims losses as defensive sectors step up,2021-01-22
Stock market slides with recovery challenges mounting,2021-01-22
"Nasdaq leads major stock averages, tech gains help S&P 500 end up",2021-01-21
Tech stocks keeping the Nasdaq higher as S&P 500 fights the flatline,2021-01-21
"Tesla, Crispr add most bang to ARK Innvoation ETF in Q4; Zoom, Compugen are biggest drags",2021-01-21
S&P 500 rises slightly as most sectors take a post-rally breather,2021-01-21
Megacap stocks join the Netflix rally; Nasdaq jumps as Biden assumes office,2021-01-20
S&P 500 nears highs of the day; Biden sworn in as president,2021-01-20
"How stocks did under President Trump; Dow, Nasdaq, S&P 500 notch big gains",2021-01-20
Nasdaq leads the way as stock market posts broad-based gains,2021-01-20
Cyclicals boost S&P 500 as Yellen affirms new admin's spending plans,2021-01-19
Nasdaq leads a broad-based rally in stocks,2021-01-19
Tesla is the only megacap with leverage heading into earnings: Alpha Tactics,2021-01-16
Nasdaq snaps 4-week win streak; S&P 500 also ends week down,2021-01-15
S&P 500 remains under pressure as tech turns negative,2021-01-15
S&P 500 falls as reflation trade takes bank results on the chin,2021-01-15
"Cyclical stocks rise on $1.9T stimulus hopes, but megacaps slip pushes S&P down",2021-01-14
Cyclicals lead S&P 500 as jobless claims spike brings bets of big stimulus,2021-01-14
"Stock market edges up, with weak jobs data seen boosting stimulus chances",2021-01-14
Nasdaq leads the day's market rise; bond rally keeps running,2021-01-13
Tech still in control as stock market makes modest gains; House impeachment debate starts,2021-01-13
Nasdaq leads the major stock averages as chips see action,2021-01-13
S&P 500 ends flat despite cyclical strength; yields reverse sharply,2021-01-12
10-year yield hits post-crash high; S&P 500 turns lower,2021-01-12
Stock market edging higher on reflation trade; yields keep climbing,2021-01-12
Stock market pulls back from record highs; Tesla snaps 11-day win streak,2021-01-11
S&P 500 cuts losses as energy stocks jump; House introduces impeachment article,2021-01-11
Stock market slumps as investors pare some risk; defensives climb,2021-01-11
Stock futures pull back after last week's gains; politics stay in spotlight,2021-01-11
"Snowflake stock +9.2%, rallying in the face of new lockup expiration",2021-01-07
Moderna faces a technical test going into the new year: Sector Watch,2021-01-03
Wall Street gets more bullish on classic defensives for 2021: Alpha Tactics,2021-01-02
"Stocks end the day like the year, with a comeback; S&P, Dow finish at record highs",2020-12-31
"S&P 500 is flat, Nasdaq down slightly in pre-holiday trade; Tesla gaining traction",2020-12-31
Nasdaq leads in quiet end-of-year trade; stimulus saga not done yet,2020-12-31
"S&P 500 closes higher on late buying; McConnell stands firm against $2,000 checks",2020-12-30
S&P 500 holding gains as commodities stocks take the baton,2020-12-30
"Nasdaq leads stock market gains with $2,000 checks bogged down in Senate",2020-12-30
Stimulus check boost in limbo as stock market ends lower,2020-12-29
Stocks move firmly into red after McConnell blocks quick stimulus vote,2020-12-29
"Nasdaq, S&P 500 and Dow pare gains as cyclicals enthusiasm wanes",2020-12-29
Stock market keeps rally going; ball in Senate's court on stimulus checks,2020-12-29
S&P 500 rallies on combined strength of lockdown favorites and recovery plays,2020-12-28
Santa rally underway for stocks after Trump signs relief bill,2020-12-28
Tesla’s choppy action unlikely to calm like other S&P entrants: Alpha Tactics,2020-12-26
Stock market grinds out gains to end the week; COVID relief still not settled,2020-12-24
Stocks climb despite failure in latest push for $2K stimulus checks,2020-12-24
"Last-minute selling trims S&P's gains; Nasdaq ends lower, small-caps rally",2020-12-23
"Broader stock market still higher, led by energy, but tech falls off the pace",2020-12-23
S&P 500 climbs as investors eye further COVID relief twists,2020-12-23
Apple strength helps Nasdaq to modest gain; S&P 500 ends down,2020-12-22
"Stocks turn negative as Tesla leads megacaps slide, Apple pares gains",2020-12-22
Nasdaq leads the major averages with a boost from Apple,2020-12-22
Apple car enthusiasm could thwart bearish technical move: At the Open,2020-12-22
Stocks finish off lows in volatile late trading; stimulus talks seen going to weekend,2020-12-18
Stock market slides after early quad-witching volatility,2020-12-18
S&P 500 struggling for direction at record highs,2020-12-18
Nasdaq leads the major averages as Tesla bounces; commodities rally,2020-12-17
Commodities strength helping stock market hold onto gains,2020-12-17
Stocks are broadly higher with confidence still high for COVID relief deal,2020-12-17
S&P 500 ends higher after Fed choppiness; stimulus still in sights,2020-12-16
Fed's Powell rides to the rescue as S&P 500 climbs to daily highs,2020-12-16
Nasdaq leads going into Fed as tech gets some sell-side endorsements,2020-12-16
"Stock market struggling for direction as COVID relief talks progress, Fed on tap",2020-12-16
Stocks rally as hopes for COVID relief funds steadily build,2020-12-15
S&P 500 marches to highs of the day with McConnell boosting COVID relief hopes,2020-12-15
Broad stock rally holds up with stimulus negotiations continuing after the bell,2020-12-15
S&P 500 climbing as dial swings back to the recovery trade,2020-12-15
S&P 500 ends near lows as lockdown worries hit cyclicals; Nasdaq rises,2020-12-14
"Oppenheimer forecasts S&P 500 at 4,300 by end 2021",2020-12-14
Cyclicals lead S&P 500 higher on vaccine rollout; deals also add enthusiasm,2020-12-14
Stock indexes shrug off IPO enthusiasm to close week down,2020-12-11
Disney helps the Dow Jones climb into positive territory; S&P 500 pares losses,2020-12-11
S&P 500 continues its December malaise with vaccine progress priced in,2020-12-11
Nasdaq gets back in the win column as techs overcome early weakness,2020-12-10
Tech reversal pushes Nasdaq into the green; energy stocks help S&P 500 cut losses,2020-12-10
Nasdaq slides again as Tesla moves into correction territory,2020-12-10
Nasdaq snaps 4-day win streak with biggest drop since October,2020-12-09
"Why is the stock market down today? Tesla, other megacaps weigh amid IPO fever",2020-12-09
Major stock averages are mixed as market looks for reaction to Treasury stimulus offer,2020-12-09
Stocks chalk up gains for the day after signs of stimulus compromise,2020-12-08
Stocks near highs of the day with McConnell open to stimulus compromise,2020-12-08
Broader stock market edges higher as cyclicals turn around,2020-12-08
"S&P 500 dips as vaccine rollout starts, but stimulus stalls",2020-12-08
S&P 500 closes down with little progress on stimulus front; Tesla lifts Nasdaq,2020-12-07
"S&P's November rally bodes well for 1 year out, looks like turning point - Wells Fargo",2020-12-07
Nasdaq adds to gain as Tesla rally continues; S&P 500 dented by cyclicals,2020-12-07
"S&P 500's dividends 'attractive' and mispriced heading into 2021, Goldman Sachs says",2020-12-07
S&P 500 eases with eyes on Washington for a COVID relief deal,2020-12-07
Stocks finish the week higher as stimulus talks give bulls something to cling to,2020-12-04
"S&P 500, Dow Jones, Nasdaq hit record highs as weak jobs bring stimulus hopes",2020-12-04
S&P 500 rises with weak payrolls seen as a stimulus boost,2020-12-04
"Pfizer vaccine supply cut wipes out S&P 500 gains, stimulus optimism",2020-12-03
Stimulus talk helps stocks gain traction; Boeing boosts Dow Jones,2020-12-03
Stock market continues cautious trading amid mixed earnings,2020-12-03
Stock market drifts for the day as investors assess lofty levels,2020-12-02
Energy stocks help the S&P 500 fight its way to the flatline,2020-12-02
"Stocks ease back from fresh records in S&P 500, Nasdaq, looking for next catalyst",2020-12-02
"S&P 500 pares gains into the close, but rises on financials, chips strength",2020-12-01
Broader stock market rally improves as yields jump and financials lead,2020-12-01
S&P 500 bounces back as recovery plays look to regain momentum after end-month rebalancing,2020-12-01
S&P 500 ends with best November ever; Dow Jones posts best month since 1987,2020-11-30
"Cyclicals pull S&P 500 lower, consolidating on November's charge higher",2020-11-30
Nasdaq leads the S&P 500 with the latest vaccine news reaction muted,2020-11-30
Nasdaq leads the major averages into the weekend after a broad weekly rally,2020-11-27
"Carnival Cruise Lines tops the S&P 500, but tech is the rally backbone",2020-11-27
Tesla and other megacaps lift the market on a low-volume Black Friday,2020-11-27
Nasdaq gains some ground going into Thanksgiving as cyclicals consolidate,2020-11-25
Nasdaq climbs as S&P 500 retreats; possible Slack deal injects some energy into pre-holiday trading,2020-11-25
S&P 500 dips as cyclical sectors cool off ahead of the holiday,2020-11-25
Russell 2000 is on track for its best month ever amid Dow hype: At the Open,2020-11-25
Dow Jones holds to close above 30K as cyclicals shine; S&P 500 ends at a record high,2020-11-24
Dow Jones tops 30K as recovery trade favors the blue-chip index,2020-11-24
Recovery rally revs up as market eyes vaccine distribution in December,2020-11-24
Energy leads the cyclical outperformance in S&P with more clarity on transition,2020-11-24
Recovery trade continues as S&P outpaces Nasdaq; energy stocks up 30% in November,2020-11-23
Nasdaq turns negative as megacaps and stay-at-home plays weaken,2020-11-23
"Vaccine enthusiasm lifts cyclicals as Dow Jones, S&P 500 lead Nasdaq",2020-11-23
"S&P down for the week, but recovery plays outperform; Nasdaq gets a Tesla boost",2020-11-20
"Nasdaq gains against S&P 500, Dow Jones as stay-at-home stocks bounce, recovery plays ease",2020-11-20
"Market searches for leadership as COVID restrictions mount, stimulus saga goes on",2020-11-20
Oil fighting $42 and still responding better to vaccine news: At the Open,2020-11-20
A whisper of stimulus hope jolts the S&P; recovery plays help Nasdaq lead the day,2020-11-19
S&P turns broadly positive as Schumer says stimulus talks back on,2020-11-19
"Nasdaq rises as megacaps turn positive, lockdown plays gain",2020-11-19
Broader market lacks spark and extends losses; Nasdaq stronger,2020-11-19
S&P closes at lows of the day after New York school shutdown spurs late selling,2020-11-18
Major averages in the red as New York City shuts public schools,2020-11-18
Cyclical sectors continue to benefit in a mixed broader market,2020-11-18
S&P flat with vaccine enthusiasm looking priced in,2020-11-18
"Major averages end with modest losses, but recovery plays show fight",2020-11-17
S&P fights to overcome flatline as recovery stocks rebound from weakness,2020-11-17
"Broad market slips, tech resilient as Wall Street eases off the recovery plays",2020-11-17
Recovery rally holds as cyclical stocks lead through day on vaccine data,2020-11-16
Vaccines set stage for fastest earnings rebound since ‘80s - DataTrek,2020-11-16
"Dow approaches 30K, S&P near day high as tech buying broadens the rally",2020-11-16
Recovery trade continues; Russell hits intraday record high,2020-11-16
S&P bookends the week with recovery-play rallies to end at new closing high,2020-11-13
"Airlines, cruise lines off to the races, pushing S&P to highs of session",2020-11-13
"Earnings pop, recovery play rebounds lift S&P, Nasdaq",2020-11-13
"Amid rotation talk, November’s S&P rally remains broad: At the Open",2020-11-13
"S&P ends -1%, pressured late as Chicago locks down; Nasdaq -0.7%",2020-11-12
Why is the stock market down today? Breather after big run combines with lockdown measures,2020-11-12
S&P drifting with dip in rates hurting cyclicals and techs flat,2020-11-12
"Nasdaq rally holds +2%, but S&P trims gains as NY adds COVID restrictions",2020-11-11
"Stay-at-home stocks, megacaps rebound as Nasdaq extends gains",2020-11-11
"Technology bounces after two tough days, boosting Nasdaq, S&P",2020-11-11
"Tech selling into close pushes Nasdaq into the red, S&P gains halve",2020-11-09
Stocks holding vaccine-driven gains with energy in the lead as oil soars,2020-11-09
"Recovery plays drive S&P up 3.5%; small-caps, rates also rally",2020-11-09
Futures add to big gains on vaccine hopes after Pfizer interim data; WFH plays head south,2020-11-09
Weekly Wrap: An election week sees a bulletproof stock market,2020-11-07
"S&P, Nasdaq close out best week in 7 months",2020-11-06
"Stocks ease, but rates race higher after strong jobs report",2020-11-06
S&P notches fourth day of gains with materials in the lead,2020-11-05
S&P gunning for fourth-straight day of gains with cyclicals leading,2020-11-05
2016 unwind? 2020 election rally shows hallmarks of a simple Trump trade reversal,2020-11-05
Nasdaq leading the charge again in broad rally,2020-11-05
Market embraces the megacaps in Election Day rally; Nasdaq +3.9%,2020-11-04
"S&P 500 on track for best post-election session ever, but banks left out of rally",2020-11-04
Big tech revs the market higher despite election uncertainty,2020-11-04
S&P 500 futures up 1.5% in another reversal as 2020 election results pour in,2020-11-03
Stocks pop on Election Day with second session of broad-based gains,2020-11-03
"Stocks off highs, but holding onto solid gains",2020-11-03
Technology catches up as broader market rallies; S&P +2%,2020-11-03
"Stocks extend gains, but technology still trailing",2020-11-03
Tech still lagging as S&P climbs in choppy trading,2020-11-02
S&P will get technical support soon - Wells Fargo,2020-11-02
Nasdaq loses support of megacaps and turns negative,2020-11-02
Market shows some resilience after last week's selloff,2020-11-02
S&P futures lower in Sunday evening action; oil drops another 4%,2020-11-01
"Nasdaq, S&P see their worst week since March",2020-10-30
Nasdaq bearing the brunt of the selloff as megacaps weaken,2020-10-30
Stocks retreat with megacaps mostly disappointing lofty investor expectations,2020-10-30
Techs help Nasdaq and S&P to a solid rebound,2020-10-29
Social media leads the charge as S&P marches higher,2020-10-29
"Megacaps extend pre-earnings gains, giving Nasdaq some traction",2020-10-29
Market rebound is a little half-hearted; crude -6%,2020-10-29
"Stocks slammed with U.S. COVID cases rising, Europe locking down; S&P -3.5%",2020-10-28
"Broader market off lows, but megacaps now a big drag",2020-10-28
Market sells off as Europe's COVID cases dent appetite for risk,2020-10-28
"Nasdaq outperforms, while S&P dips below 3,400",2020-10-27
"Technology still leading, but broader market struggles for direction",2020-10-27
Nasdaq climbing as AMD-Xilinx deal boosts tech,2020-10-27
Market sells off as recovery plays give up stimulus hopes,2020-10-26
"'Very, very slim' stimulus hopes push struggling market to daily lows",2020-10-26
Stocks slide as COVID fears grow and stimulus hopes wane,2020-10-26
"Weekly Wrap: Like it or not, it was a stimulus market",2020-10-24
"S&P, Nasdaq end down for week amid stimulus-constrained trading",2020-10-23
Conflicting stimulus signals give market an excuse to drift,2020-10-23
"Stocks edge up, but Intel worries weigh on gains",2020-10-23
"S&P outlasts stimulus swings to close higher, led by energy",2020-10-22
Cyclical sectors catch a bid as interest rates rates rally,2020-10-22
S&P cuts losses as Pelosi says stimulus agreement 'just about there',2020-10-22
Broader market edging higher on mostly solid earnings,2020-10-22
Social media stocks shine in otherwise flat market day,2020-10-21
Stocks gather some late momentum with stimulus still up in the air,2020-10-21
Social media stocks still posting outsize gains with market up slightly,2020-10-21
Market drifts as White House looks for stimulus deal within 2 days,2020-10-21
Stocks finish higher after volatile day fueled by stimulus news,2020-10-20
No stimulus checks in GOP proposal - McConnell,2020-10-20
Market bounces back as stimulus talks remain at the forefront,2020-10-20
Sector Watch: Staples look solid going into the election,2020-10-18
Weekly Wrap: A justified pause with a cautious end note,2020-10-17
"S&P limps into the close as energy sinks, but ends just up for the week",2020-10-16
Market fighting to keep gains as tech turns negative,2020-10-16
"Stocks climbing across the board, with cyclicals still resilient",2020-10-16
"S&P down for third day, but cyclicals help limit the damage",2020-10-15
"Techs still hitting Nasdaq, but financials give S&P some support",2020-10-15
Market falls in broad-based selloff as COVID worries mount,2020-10-15
Big Tech sentiment gets shaky after three strong weeks: At the Open,2020-10-15
S&P stumbles again without solid leadership; Nasdaq also falls,2020-10-14
Market can't shake stimulus talk; megacap weakness hits averages,2020-10-14
"Market muted, but higher, amid mixed bank numbers",2020-10-14
S&P snaps win streak as banks fail a leadership test,2020-10-13
"Recovery stocks battered, but tech holding level",2020-10-13
Broader market pausing after stellar tech-led rally,2020-10-13
Fab 5 off to the races as market posts strong gains,2020-10-12
Market rally kicks into higher gear with Nasdaq surging,2020-10-12
Market rallying as tech strength obscures stimulus news,2020-10-12
Techs ride to the rescue for stimulus-addled market,2020-10-09
Trump says he wants 'more stimulus' than either side,2020-10-09
Market still climbing as cyclicals look to break out,2020-10-09
Cyclicals support market amid stimulus swings as averages close up,2020-10-08
"Market still up, still in the grips of stimulus talk",2020-10-08
Pelosi says no standalone airline stimulus bill without larger bill,2020-10-08
Market rallying as Trump revs up stimulus hopes again,2020-10-08
Stocks rebound strongly from the stimulus swoon,2020-10-07
FOMC assumed more fiscal stimulus this year - Fed minutes,2020-10-07
Rally continues as S&P reclaims Tuesday's losses,2020-10-07
Stocks climbing as stimulus talk focuses on standalone bills,2020-10-07
"Stimulus optimism dashed with a Trump tweet, market ends down",2020-10-06
Shares dive as Trump says stimulus talks off until after the election,2020-10-06
Broader market drifting as techs remain under pressure,2020-10-06
"Market cautious, looking for Washington to call the tune",2020-10-06
"S&P closes above 3,400 as energy leads a broad-based rally",2020-10-05
Stocks holding solid gains with Trump set to leave Walter Reed,2020-10-05
"Risk on as stocks keep rallying, crude soars",2020-10-05
Market up broadly with stimulus talk still at forefront,2020-10-05
Sector Watch: Can Nvidia kickstart chips after weak September?,2020-10-04
Weekly Wrap: Small caps keep outperforming amid volatility,2020-10-03
Citi stands out among worst financial stock performers: Q3 Spotlight,2020-10-02
S&P closes tumultuous day off lows and up for the week,2020-10-02
Nancy Pelosi sounding optimistic on stimulus following president's COVID-19 diagnosis,2020-10-02
"Hedged ETF shines YTD, but uneven returns show perils of active management",2020-09-09
"Second virus wave won't destroy the rally, Wharton's Siegel says",2020-08-25
Seeking Alpha Catalyst Watch,2020-07-24
S&P 500 pushes through June 8 high,2020-07-20
JPMorgan uncovers why 'day' traders in S&P 500 were left behind,2020-07-18
"S&P 500 to return 6%/year over next 10 years, Goldman forecasts",2020-07-15
Global markets rise as bulls gain ground,2020-07-13
2020 Buy-side Survey Says? S&P top is in,2020-07-01
"Stocks tumble early as financials retreat, Texas rolls back openings",2020-06-26
"""Unacceptable"" spread - Texas Governor warns on COVID-19",2020-06-22
Wall Street closes down as late buying fails to overcome COVID concerns,2020-06-19
"Rising COVID cases, Apple store closings throw wrench into rally",2020-06-19
Stocks end choppy day right at flatline,2020-06-18
"Fed's $3 trillion aligns with $3 trillion bounce as S&P tops 3,000",2020-05-26
Cboe Global reports February options ADV jumps 64% Y/Y,2020-03-04
"Wealthiest Americans to cut back on stock buying in 2020, Goldman says",2020-01-30
"State Street changes names, indexes on four SPDR ETFs",2020-01-24
"Stocks, Treasurys decline with Fed rate cut in doubt",2019-07-05
"S&P, Dow on track to hit new closing records",2019-07-03
Stocks perk up on U.S.-China trade truce,2019-07-01
"Stocks slide, 10-year Treasury yield dips below 2%",2019-06-25
S&P 500 slips from all-time high,2019-06-20
"Stocks continue climb, driven by consumer discretionary, IT",2019-06-10
"Citi, BofA take dimmer view of Q2, Q3 corporate profits",2019-06-03
Stocks' decline eases midday as real estate rises,2019-05-31
Stocks' gains evaporate in late trading,2019-05-30
Stocks' early gains vanish as trade worries persist,2019-05-28
JPMorgan's Kolanovic sees `Trump collar' on stock market - Bloomberg,2019-05-24
"Stocks pare losses as energy falls, utilities rise",2019-05-22
Stocks slump as U.S.-China trade talks stall,2019-05-17
Stocks turn down again as trade dominates,2019-05-17
Stocks rebound from Monday's rout,2019-05-14
"Stocks rise at the open, led by communications services",2019-05-14
"Stocks mixed as health care, real estate drop",2019-04-17
BofAML sees S&P reaching peak in Q2,2019-04-05
Analysts consider what Mueller probe end means for markets,2019-03-25
Three S&P 500 ETFs pull in >$11B last week,2019-03-18
"Credit Suisse boosts S&P growth view, trims earnings estimates",2019-03-18
CME Group to introduce micro e-mini futures,2019-03-11
"Big jobs miss sends stocks lower, bonds and gold higher",2019-03-08
"Stocks sink after trade deficit widens, job growth slows",2019-03-06
S&P drops after hitting key resistance level,2019-03-04
"Stocks push up amid reports of China, U.S. nearing trade deal",2019-03-04
Stocks finish the week on a strong note,2019-03-01
Stocks erase most of the morning's declines,2019-02-27
U.S. stocks bounce as Powell reports to Congress,2019-02-26
"Stocks edge down as housing starts sink, trade optimism fades",2019-02-26
Stocks hold onto gains amid trade talk optimism,2019-02-25
Late Friday trade chatter moving things,2019-02-22
Stocks hold onto gains amid U.S.-China trade optimism,2019-02-22
"Futures pare losses, hug flatline",2019-02-15
China trade optimism boosts futures,2019-02-14
Stocks extend gains on trade optimism,2019-02-13
Futures buoyed as shutdown fears fade,2019-02-12
