title,published
"S&P 500, Nasdaq extend losses after 'hawkish' Fed minutes - Reuters","Wed, 05 Jan 2022 19:39:00 GMT"
"Nasdaq tumbles 3%, S&P 500 2%, Dow 1% following hawkish Fed minutes - Seeking Alpha","Wed, 05 Jan 2022 21:02:00 GMT"
US Stock Market S&P 500 Outlook: Wells Fargo Strategists See 10% Drop - Bloomberg,"Wed, 05 Jan 2022 11:17:30 GMT"
8 Crashing Stocks You May Own Are Already In Serious Trouble - Investor's Business Daily,"Thu, 06 Jan 2022 13:00:00 GMT"
Citi rings in the new year by hiking S&P 500 price target. Here's why. - MarketWatch,"Wed, 05 Jan 2022 10:22:00 GMT"
"The S&P 500 beat both Dow, and Nasdaq in 2021 by the widest margin in 24 years. Here's what history says happens in 2022. - MarketWatch","Sat, 01 Jan 2022 19:16:00 GMT"
This is the key support level for the S&P 500 --- and it's not far from it - MarketWatch,"Thu, 06 Jan 2022 16:15:00 GMT"
"How Every Asset Class, Currency, and S&P 500 Sector Performed in 2021 - Visual Capitalist","Tue, 04 Jan 2022 22:38:42 GMT"
"Value & Momentum Breakouts For 2022: 11 Models To Beat The S&P 500, Again - Seeking Alpha","Wed, 05 Jan 2022 17:10:00 GMT"
"S&P 500: 12 Stocks Turned $10,000 Into $413,597 In 12 Months - Investor's Business Daily","Mon, 03 Jan 2022 16:55:00 GMT"
Big S&P 500 Bear Market Case Sees Inflation Finally Eating Everything - Bloomberg,"Wed, 29 Dec 2021 12:00:00 GMT"
"S&P 500 ends jumpy session nearly flat, a day after sell-off - Reuters","Thu, 06 Jan 2022 21:02:00 GMT"
Jim Cramer's 2022 outlook for the S&P 500's 10 biggest winners last year - CNBC,"Mon, 03 Jan 2022 23:59:37 GMT"
Humana stock tumbles to pace S&P 500 losers after slashing Medicare Advantage membership growth view - MarketWatch,"Thu, 06 Jan 2022 18:16:00 GMT"
"US stock markets closing: How S&P 500, Dow Jones, Nasdaq, Russell 2000 fared on Wednesday - CNBCTV18","Thu, 06 Jan 2022 02:44:00 GMT"
S&P 500 Notches 70 All-Time Highs In Biden’s First Year - Forbes,"Sat, 01 Jan 2022 00:06:37 GMT"
"S&P 500 closes at record, Dow adds 350 points as investors look for Santa rally - CNBC","Mon, 27 Dec 2021 08:00:00 GMT"
Tesla beat bitcoin over the past year — so did 124 other stocks in the S&P 500 - MarketWatch,"Tue, 04 Jan 2022 14:22:00 GMT"
"The Zacks Analyst Blog Highlights: SPDR S&P 500 ETF Trust, Vanguard S&P 500 ETF, Vanguard Total Stock Market ETF, iShares Core S&P 500 ETF and Invesco QQQ Trust. - Yahoo Finance","Tue, 04 Jan 2022 13:01:01 GMT"
S&P 500 common stock dividend payments slip to $18B in Q4 2021 - Seeking Alpha,"Tue, 04 Jan 2022 15:37:00 GMT"
S&P 500: What Will Be The Next $3 Trillion Company? - Investor's Business Daily,"Tue, 04 Jan 2022 13:00:00 GMT"
The 2 Best S&P 500 High Yield Dividend Stocks For 2022 - Seeking Alpha,"Mon, 03 Jan 2022 11:52:00 GMT"
"S&P 500 rises for a third day, nears another record as investors bet economy bucks omicron threat - CNBC","Tue, 07 Dec 2021 08:00:00 GMT"
"S&P 500, Nasdaq break 3-day win streak as investors turn their attention to key inflation data - CNBC","Wed, 08 Dec 2021 08:00:00 GMT"
Asian stocks follow Wall St lower after Fed rates signal - The Daily Freeman,"Thu, 06 Jan 2022 03:22:30 GMT"
"S&P 500 Movers: PFE, F - Nasdaq","Tue, 04 Jan 2022 15:58:50 GMT"
Market weight vs. Equal weight S&P 500 ETFs - Seeking Alpha,"Tue, 04 Jan 2022 14:25:00 GMT"
SPX and S&P 500 Index Elliott Wave analysis [Video] - FXStreet,"Wed, 05 Jan 2022 20:40:49 GMT"
"Bitcoin-HODLing Companies Keep Up With S&P 500, But Not Bitcoin - Bloomberg","Fri, 31 Dec 2021 13:27:02 GMT"
SPLG: S&P 500 January Dashboard - Seeking Alpha,"Mon, 03 Jan 2022 12:29:00 GMT"
ProShares Short S&P500 Experiences Big Outflow - Nasdaq,"Fri, 31 Dec 2021 15:56:48 GMT"
Top Portfolio Strategist Sets Bullish S&P 500 Target for 2022 - TheStreet,"Thu, 06 Jan 2022 19:48:54 GMT"
Midwest Holding Announces Launch of S&P 500 ESG Index for the Fixed Annuity Space - PRNewswire,"Wed, 05 Jan 2022 21:10:00 GMT"
"U.S. stocks end lower on New Year's Eve, but S&P 500, Dow, Nasdaq score big gains for 2021 - MarketWatch","Fri, 31 Dec 2021 12:44:00 GMT"
"Ticker: Starbucks launches vax or test mandate; Record highs for S&P 500, Dow on first day of 2022 - Boston Herald","Mon, 03 Jan 2022 23:50:58 GMT"
"US STOCKS-S&P 500 ends jumpy session nearly flat, a day after sell-off - Devdiscourse","Thu, 06 Jan 2022 21:01:25 GMT"
E-mini S&P 500 Index (ES) Futures Technical Analysis – Reaction to 4664.25 - 4630.25 Will Set the Tone - FX Empire,"Thu, 06 Jan 2022 15:50:30 GMT"
The best and worst S&P 500 stocks of 2021 - finder.com.au,"Thu, 06 Jan 2022 04:50:44 GMT"
"Daily S&P 500 SPDR (SPY) ETF Technical Analysis – Thursday, January 6th - Oakland News Now","Thu, 06 Jan 2022 14:14:51 GMT"
